Заголовок,Текст,Картинка,Подпись,Копирайт
Древнее и новое дворянство,"Табель о рангах, принятая в 1722 году, уравняла древние дворянские роды и тех, кто добился дворянства выслугой — то есть на государственной службе (военной, статской — то есть гражданской — или придворной). Теперь представители всех социальных слоев могли добиться дворянства, поступив на государственную службу, даже те, кто об этом ранее не мог помыслить, — дети купцов и духовенства. Право на потомственное дворянство получали все военные чины, на статской службе эта привилегия присваивалась с восьмого класса и выше. Древние дворянские роды («столбовые дворяне») к «выскочкам» относились с пренебрежением. Кроме того, военная служба сохраняла свой престиж по сравнению со статской, хотя формально статские должности были равны армейским и гвардейским чинам.",,,
100 душ,"Состояние в 100 душ в середине XVIII века — довольно крупное. Например, в указах о дворянских детях, которым нужно явиться на государственную службу, отсчет велся с 20 душ: те недоросли, у семей которых было более 20 душ, вызывались на смотр в столицу, а не в ближайший крупный город.",,,
"Дворянские смотры
","Петр обязал всех дворян не только служить государству, но и получать начальное образование — для успеха преобразований ему нужны были грамотные чиновники и военные. Для того чтобы этого добиться, он обязал всех недорослей (то есть неслуживших дворян старше десяти лет) являться на смотры, которые проходили в Петербурге. Там царь самолично распределял их на учебу и военную службу. За неявку на смотр сурово наказывали: по указу 1714 года за «нетство» (уклонение от службы) провинившийся мог лишиться имущества; с 1722 года за неявку подвергали «шельмованию», то есть исключали из членов общества, а имена печатали и прибивали под барабанный бой к виселице. По указу, принятому при Анне Иоанновне, первый раз на смотр надо было явиться по достижении семилетнего возраста. Чиновник Герольдии при Сенате (учреждения, которое вело учет дворян и составляло их родословные и гербы) записывал данные дворянина. Ему сообщали, чему молодой дворянин учился и как его будут обучать в дальнейшем. Второй раз нужно было отчитаться в 12 лет, третий — не позже чем в 20 лет.",,,
Сухопутный кадетский корпус,"Военное училище для молодых дворян было открыто в Санкт-Петербурге в 1732 году. Называлось оно сначала Рыцарской академией, а с 1743 года — Сухопутным кадетским корпусом. Ученики изучали там военные науки, иностранные языки, историю и географию; занимались танцами. В стенах корпуса появился один из первых любительских театров, директором которого был Александр Сумароков.",cadet,Кадет сухопутного кадетского корпуса. Из книги Якова фон Люде «Изображение мундиров российско-императорскаго войска». 1793 год,Wikimedia Commons
Казенный кошт,"Государственное содержание. Дворян из небогатых семей принимали в учебные заведения на основании прошения их родителей и содержали затем за счет государства. Те, кто во время обучения не демонстрировал отличной успеваемости и примерного поведения, лишались содержания.",,,
Гвардия,"Гвардия, или «лейб-гвардия», — это отборные, привилегированные воинские части, предназначенные для охраны монарха и его окружения. В России первые гвардейские полки, Преображенский и Семеновский, появились при Петре I — они были сформированы из петровских «потешных полков», изначально созданных для развлечения малолетнего царя и обучения новому строю и европейскому воинскому делу. В потешные полки набирали как сверстников Петра, так и взрослых дворовых людей. Первым солдатом считается Сергей Бухвостов, царский конюх.
Во время Северной войны гвардейские полки стали главной ударной силой русской армии. В 1706 году Петр I дал гвардии преимущество в один чин перед армейскими офицерами; после принятия Табели о рангах преимущество было уже в два чина (например, гвардейский поручик соответствовал армейскому капитану).
Император (или императрица) считался полковником первых гвардейских полков; в них служили члены царской семьи и знатнейших дворянских фамилий. Петр I и его преемники лично тренировали полки, угощали гвардейцев из своих рук и крестили их детей. Общались лично с гвардейцами и наследники Петра — Елизавета, например, появлялась перед ними в мундире Преображенского полка. Близость к монархам создала из гвардии привилегированный слой общества. Гвардейские офицеры, даже невысокого звания, порой были важнее армейских генералов: их отправляли с поручениями государственной важности и считали наиболее близкими ко двору военными. Для того чтобы удачно провести дворцовый переворот, нужно было заручиться поддержкой гвардейских полков, что и сделали позже Екатерина I, Елизавета и Екатерина II.",guard,"Сержант лейб-гвардии Преображенского полка и рядовые мушкетеры лейб-гвардии Семеновского и Измайловского полков, с 1742 до 1762 года",Из книги Александра Висковатова «Историческое описание одежды и вооружения российских войск»
"Иностранные учителя
","Для домашнего обучения и воспитания в XVIII веке было принято нанимать иностранных учителей. Самые состоятельные семьи отправляли своих детей учиться за границу. Остальные нанимали учителей, которые порой не имели никаких педагогических талантов и получали место только потому, что были иностранцами. Василий Татищев в трактате «…О пользе наук и училищ» сетовал на то, что многие «принимают учителей к научению весьма неспособных и случается, что поваров, лакеев… и каких-либо непотребных волочаг принимают для научения благонравия и политики и потом за положенные деньги вред вместо пользы покупают».",,,
"Запись «сверх комплекта»
","При Анне Иоанновне и особенно при Елизавете условия привлечения дворян на службу несколько смягчились. У богатых семей, обладающих связями в столице, появилась возможность записать своего отпрыска в гвардию «сверх комплекта», то есть заочно. Получалось, что ребенок жил дома, а тем временем его выслуга шла — и чины росли. В 1742 году Елизавета подтвердила это право своим указом. Дворянам разрешили записывать детей в гвардию уже в младенчестве, причем сразу сержантами. К 15 годам такие дети становились прапорщиками, а затем выходили в отставку гвардейскими капитанами (что в армии соответствовало бригадиру) — и все это без настоящей службы. К концу XVIII века число сверхкомлектных офицеров, ни дня не служивших в гвардии, достигало трех-четырех тысяч человек. Конец этой практике положил только Павел I, велевший выписать из состава гвардии всех неслуживших офицеров.",,,
Военная служба дворян,"Закон 1714 года и Воинский устав 1716 года запрещали производить в офицеры дворян, не отслуживших простыми солдатами. Богатые и знатные дворяне отправлялись служить рядовыми в гвардию; бедных дворян с небольшим достатком могли определить на службу и в армейские полки.",,,
"Устройство российской пехоты
","Пехота составляла основу российской армии. При императрице Елизавете Петровне структура пехоты неоднократно менялась и приобрела завершенный вид к 1756 году. В пехоте было 50 полков: четыре гренадерских и 46 пехотных, которые на старый манер иногда называли мушкетерскими. В гренадеры брали рослых и сильных солдат, которые могли бросать тяжелые ручные гранаты и штурмовать укрепления.
Каждый пехотный полк состоял из двух батальонов. В каждый батальон входили четыре мушкетерские (то есть обычные) роты и одна гренадерская.
Рота по штату должна была состоять из 144 человек, но обычно в мушкетерских ротах людей было меньше — около 100 солдат и офицеров. Зато в гренадерской роте всегда был комплект — 200 человек, потому что при Елизавете Петровне за количество гренадеров нужно было отчитываться.",,,
"Фузея
","Мушкет, солдатское ружье. Без штыка фузея весила до 5,25 килограмма.",fusea,"Фузея, шпага и патронная сума мушкетеров пехотного полка, с 1756 до 1762 года",Из книги Александра Висковатова «Историческое описание одежды и вооружения российских войск»
"Капрал и фурьер
","Младшие унтер-офицерские звания. Капрал командовал капральством (1/6 часть роты, примерно 25–35 человек). Фурьер занимался тем же, но еще и отвечал за размещение роты на квартирах и снабжение ее продовольствием.",kapral,Капрал и фурьер мушкетерских рот пехотного полка с 1763 по 1786 год,"
Из книги Александра Висковатова «Историческое описание одежды и вооружения российских войск»"
Офицеры в русской армии,"В русской армии было три категории офицеров. Самая низшая категория — это унтер-офицеры, младшие чины, которым поручались хозяйственные заботы, поддержание дисциплины и передача рядовым приказов вышестоящих офицеров. К унтер-офицерам относились сержанты, капралы, подпрапорщики. Все эти должности находились ниже Табели о рангах.
Обер-офицеры — это офицерский состав от прапорщика до капитана. В армейской Табели о рангах это соответствовало низшим шести классам, от XIV до IX.
Высшее командование полка — это штаб-офицеры; выше них стояли только генералы и бригадир. К штаб-офицерам относили майора, подполковника и полковника (VIII–VI классы Табели о рангах).",,,
Шпицрутены,"Порка прутьями. Виновного, раздетого до пояса, вели сквозь строй солдат, которые по очереди его хлестали. В соответствии с Воинским артикулом, количество шпицрутенов назначалось произвольно. В петровском Воинском уставе, например, такое наказание предусматривалось за пьяную драку без жертв: «Ежели учинитца драка при питье в пиру без вызову, хотя никто умерщвлен или поранен не будет, то рядового за то чрез полк гонять шпицрутен». За драку и воровство было принято назначать до 500 шпицрутенов.",gauntlet,Даниэль Ходовецкий. Наказание шпицрутенами. 1774 год ,Hulton Archive / Getty Images
Амнистия 1762 года,"22 сентября (3 октября) 1762 года, по случаю коронации императрицы Екатерины II, была объявлена амнистия. Манифест «О прощении вин впадших в преступления» велел «каторжных всех с каторги освободить, и на прежния жилища их возвратить, кроме смертоубийц, или вечно на каторгу осужденных».",,,
"Каторга
","На каторжные работы преступников стали ссылать при Петре I, но широкое распространение эта практика получила при Елизавете Петровне, заменившей смертную казнь «политической смертью», то есть бессрочной ссылкой на каторгу. К этому времени в России активно разрабатывались рудники, требовавшие крайне тяжелого труда — для этого и использовались каторжане. Приговоренных к смертной казни наказывали кнутом, вырезали им ноздри и ставили клеймо: на лице осужденного раскаленным железом выжигали слово «вор». «А которые явятся в воровствах и разбоях… надлежать будут наказанию, бить кнутом и с вырезанием ноздрей сосланы имеют быть в ссылку вечно».
Помимо бессрочной ссылки на каторгу существовала срочная, когда преступника отправляли не на рудники, а на менее тяжелые работы.",katorga,Клейма и кандалы из Нерчинской каторжной тюрьмы,РИА «Новости»
"Нерчинская каторга
",Действовала с 1739 года в селе Горный Зерентуй в Забайкалье. Условия на ней были малопригодными для жизни из-за сурового климата и изнурительной работы. Нерчинская каторга считалась одной из самых суровых в России.,,,
Сержант,"Младший унтер-офицерский чин. В каждой роте полагалось иметь двух сержантов, которые отвечали за обучение солдат, строй, дисциплину и за хозяйственные работы.",seargant,Мушкетерский сержант в 1762 году. ,Из книги Александра Висковатова «Историческое описание одежды и вооружения российских войск»
"Семилетняя война
","Война началась из-за спора Англии и Франции о колониях в Америке и в Индии. Затем в нее втянулись и другие государства. Прусский король Фридрих II заключил союз с Англией, взамен рассчитывая расширить свои владения в Германии. В свою очередь, прусские планы не понравились Австрии, а Австрию уже поддержала Россия. Летом 1757 года русская армия под командованием фельдмаршала Апраксина перешла границу Пруссии. Для России Семилетняя война проходила в основном на территории Пруссии и в приграничных областях Польши.",seven,Гиацинт де ла Пенья. Битва при Хохкирхе 14 октября 1758 года. Около 1760 года,Heeresgeschichtliches Museum / Wikimedia Commons
"Прапорщик
","Низший обер-офицерский чин, входивший в Табель о рангах. Во время войны или в походе прапорщик отвечал за сохранность ротного знамени (прапора). В мирное время эти обязанности выполнял унтер-офицер, подпрапорщик. Также прапорщику поручалось следить за больными, ранеными и отставшими.",prapor,Каптенармус и подпрапорщик мушкетерских рот пехотного полка с 1763 по 1786 год ,Из книги Александра Висковатова «Историческое описание одежды и вооружения российских войск»
Снабжение армии,"В дальних военных походах основным способом снабжения армии было фуражирование — от французского fourrage, «корм для лошадей». Унтер-офицерам под командованием вышестоящих офицеров было необходимо найти пропитание солдатам, а также, при необходимости, корм для лошадей и ночлег.
При фуражировании нередко случались злоупотребления, и местные жители терпели от прохождения армии значительные неудобства. Чтобы это предотвратить, в 1760 году генерал Петр Александрович Румянцев давал такие указания секунд-майору Миллеру: «Строгость и послушание в команде весьма наблюдать, до разорения деревень не допущать… при расположении в деревнях требовать на пищу овощи, а иногда — хлеб и скота, только то, что положено в вес от меня; или трудов излишних ради — и по фунту мяса на человека, давая квитанции. В деревнях же будучи, в домах не ночевать, но всегда в сараях».",,,
Кунерсдорфское сражение (12 августа 1759 года),"Решающая битва Семилетней войны, в которой объединенные русско-австрийские войска нанесли сокрушительное поражение прусской армии. Русская и австрийская армия соединились у прусского города Франкфурт-на-Одере. Навстречу им направились основные силы прусских войск. Стороны сошлись у селения Кунерсдорф.
Утром 1 (12) августа прусская артиллерия начала обстрел левого фланга русской армии. После этого прусские войска с легкостью захватили позиции русской артиллерии и вынудили союзников отступать. Король Пруссии Фридрих II, увидев продвижение своей армии и захваченные русские пушки, уже послал гонцов в Берлин с новостью о победе.
Тем временем командующий русской армией граф Салтыков стянул все силы в центре. Брат короля, генерал-лейтенант Генрих Прусский, просил Фридриха II остановиться на достигнутом, но тот решил окончательно разгромить противника. Прусская пехота стала штурмовать высоты, на которых расположились оставшиеся силы русско-австрийских войск, и понесла значительные потери. Была разгромлена и брошенная в бой прусская кавалерия. Союзная армия пошла в контрнаступление, предварительно нанеся артиллерийский удар по прусским войскам. Фридриху II пришлось отступить, сам он чудом избежал смерти — пуля попала в готовальню (футляр с набором чертежных инструментов), которую он носил у себя на груди.
Битва закончилась полным разгромом прусской армии — от 48 тысяч осталось три. Путь на Берлин, столицу Пруссии, был открыт.",kunersdorf,Александр Коцебу. Сражение при Кунерсдорфе. 1848 год,Государственный Эрмитаж
"Подпоручик
",Обер-офицерский чин XIII класса. Помощник капитана.,,,
"Взятие Берлина
","В октябре 1760 года, после победы при Кунерсдорфе, авангард русской армии под командованием графа Тотлебена встал под стенами столицы Пруссии Берлина с трехтысячным войском. Прусскую столицу защищал гарнизон в 1200 человек; укреплений, необходимых для длительной обороны, в Берлине не было. Однако первый штурм был отбит, и на помощь городу пришел корпус Евгения Вюртембергского. Тотлебен отступил, но через два дня к нему присоединился 20-тысячный корпус графа Чернышева. Прусским военным пришлось сдать Берлин без боя.
Тотлебену предложили контрибуцию. Он потребовал выплатить ему четыре миллиона талеров в обмен на сохранность городского имущества. Берлинские горожане договорились на полтора миллиона. Впрочем, контрибуция не спасла город от разграбления — некоторые кварталы оказались под контролем австрийцев, которые, в отличие от русских войск, обещаний не грабить и не жечь дворцы не давали.",berlin,Александр Коцебу. Взятие Берлина 28 сентября 1760 года. 1849 год,Государственный Эрмитаж
"Поручик
",Обер-офицерский чин XII класса. Помощник капитана.,,,
Осада Кольберга,"За время Семилетней войны прусская крепость Кольберг, расположенная на побережье Балтийского моря, подвергалась осаде российских войск трижды. Первая попытка, в 1758 году, была неудачной: корпус генерала Пальмбаха две недели пытался преодолеть окружавший крепость ров и в конце концов был вынужден отступить. В 1760 году русская армия атаковала Кольберг и с суши, и с моря, но на помощь защитникам крепости пришел шеститысячный прусский корпус.
В 1761 году к Кольбергу выдвинулся 15-тысячный корпус генерала Румянцева. К этому времени крепость была дополнительно укреплена, ее стены защищал 8-тысячный корпус Евгения Вюртембергского.
В сентябре к осаде Кольберга присоединился русско-шведский флот, высадивший на берег десант. Прусская кавалерия во время одного из своих рейдов была перехвачена и разгромлена. Румянцеву удалось отрезать город от снабжения. Корпус Евгения Вюртембергского из-за голода отошел от Кольберга и попытался ударить по тылу русской армии, но был окончательно разбит. Осада продолжалась четыре месяца, и в декабре 1761 года Кольберг сдался генералу Румянцеву. Русская армия получила от крепости 173 орудия и 20 знамен.",kolberg,Александр Коцебу. Взятие крепости Кольберг в ходе Семилетней войны. 1852 год,Wikimedia Commons
Вакансия,"Вакансия — это свободная должность. В армии должность могла освободиться, если офицера, который прежде ее занимал, повышали или если он умирал; кроме того, много вакансий возникало, когда создавались новые полки. Вакансия открывала возможность для карьерного роста: обычно на нее переводили человека, стоявшего на предыдущей ступени Табели о рангах.",,,
Капитан,Обер-офицерский чин IX класса. Командовал ротой.,,,
Петр III (1728-1762),"Урожденный Карл Петер Ульрих, сын Карла Фридриха, герцога Гольштейн-Готторпского, и Анны, дочери Петра I. Именно его выбрала в качестве своего наследника Елизавета Петровна — когда ему было тринадцать лет, по распоряжению императрицы его привезли в Россию. Карл Петер Ульрих перешел в православие и получил имя Петр Федорович. Через три года, в 1745 году, его женили на принцессе Ангальт-Цербстской, будущей императрице Екатерине II.
В 1761 году императрица Елизавета Петровна скончалась и Петр III взошел на престол.
Будучи ярым поклонником прусской модели государства и лично Фридриха II, он тут же заключил в Петербурге сепаратный мир с Пруссией, положив конец участию России в Семилетней войне — уже практически выигранной. Россия по условиям этого мира теряла все завоеванные территории, прежде всего Восточную Пруссию. Сам Фридрих II назвал мирный договор «чудом».",peter_iii,Петр III. Неизвестный художник. 1762 год,Государственный Эрмитаж
Лейб-гвардии Семеновский полк,"Один из «потешных полков» Петра I. Был сформирован в 1691 году у подмосковного села Семеновское, а в 1700 году стал гвардейским. Полк принимал участие в Северной войне — и сражался в битве при Нарве (1700) и в Полтавском сражении (1709).
При Елизавете Петровне семеновцы носили зеленые кафтаны с синим воротником и красными обшлагами, а также красные штаны.",semyon,"Обер-офицеры Преображенского, Семеновского и Измайловского полков лейб-гвардии с 1742 до 1762 года",Из книги Александра Висковатова «Историческое описание одежды и вооружения российских войск»
Майор,Военный чин VIII класса. Командовал батальоном.,,,
Манифест о вольности дворянства,"18 февраля (1 марта) 1762 года Петр III подписал манифест, освободивший дворян от обязательной службы. В манифесте говорилось, что дело, начатое Петром I, принесло свои плоды, «полезное знание и прилежность к службе умножило в военном деле искусных и храбрых генералов, в гражданских и политических делах поставило сведущих и годных людей к делу» и принуждать теперь дворян нести службу излишне.
Военные теперь могли свободно подавать прошение об отставке и переходить на гражданскую службу (до 1762 года отставка из армии была возможна только из-за смерти или серьезного увечья) — или же и вовсе не служить. У дворян оставалась одна обязанность: по достижении детьми 12-летнего возраста отчитываться, «чему они до обучены, и где далее науки продолжать желают, внутрь ли Нашего государства, в учрежденных на иждивении Нашем разных училищах, или в прочих европейских державах, или в домах своих через искусных и знающих учителей, буде достаток имения родителям то сделать дозволит; однако ж чтоб никто не дерзал без обучения пристойных благородному дворянству наук детей своих воспитывать под тяжким Нашим гневом».
Манифест предписывал после выхода в отставку награждать офицера одним рангом. Таким образом, завершивший службу майор становился отставным подполковником.
Кроме того, дворянин мог теперь свободно уезжать из страны, что раньше было совершенно невозможно.",,,
Подполковник,Обер-офицерский чин VII класса. Помощник командира полка (полковника).,,,
Барщина,"Барщина — то есть обязанность крестьянина обрабатывать земли, принадлежащие помещику, за предоставленное ему право пользоваться этой землей и в свою пользу — получила в России широкое распространение в XVI веке. В XVIII веке барщина была ужесточена: ее размер (то есть количество помещичьей земли, которую должен обработать крестьянин, или время, которое он должен этим заниматься) зависел только от воли землевладельца. Обычно крестьян заставляли обрабатывать столько же чужой земли, сколько и своей. Другой формой повинности являлся оброк: в этом случае крестьяне должны были платить помещику за право пользоваться его землей деньгами или продуктами. Для помещика барщина была выгодней, если он мог сам сбывать полученное зерно.
Барщина была ограничена при Павле I, который в 1797 году запретил принуждать крестьян к барщине больше трех дней в неделю (соответствующий закон называется Манифест о трехдневной барщине).",barshchina,Помещик на уборке хлеба. Гравюра из книги «Деревенское зеркало или общенародная книга». 1798 год,Wikimedia Commons
"Порядок приобретения земель
","Манифест о генеральном размежевании всех земель империи, подписанный в 1765 году, предписывал установить границы городских, деревенских и личных владений. С этого времени самовольно захватывать любые земли, в том числе и пустоши (то есть земли, брошенные владельцами), было формально запрещено. Земля должна была выкупаться у государства. Цена зависела от губернии: самая дорогая была в Московской губернии — три рубля за десятину без леса, самая дешевая — в Новороссийской и Слободской губерниях, 50 копеек. Десятина с лесом стоила в два раза дороже. Во Владимирской губернии десятина земли без пригодного для строительства леса стоила полтора рубля.",,,
Губернская реформа 1775 года,"12 ноября 1775 года был опубликован манифест «Учреждение для управления губерний Всероссийской империи», провозгласивший масштабную административно-территориальную реформу. Ее причины сама Екатерина II описала следующим образом: «По великой обширности некоторых губерний, оные недостаточно снабдены как правительствами, так и надобными для управления людьми».
Вместо прежних 23 провинций учреждалось 50 губерний, которые делились на уезды. Во главе каждой губернии стоял губернатор, подчинявшийся генерал-губернатору — в ведении последнего находилось несколько губерний сразу. Генерал-губернаторов и губернаторов назначал император. Высшую административную власть в уезде осуществлял капитан-исправник, которого избирало на трехлетний срок уездное дворянство.
Города представляли собой самостоятельную административную единицу: ими управляли городничие, назначавшиеся Сенатом по представлению генерал-губернаторов.
Кроме того, губернская реформа на местном уровне отделила административную власть от судебной. Сделано это было не только под влиянием идеи о разделении властей, ставшей популярной в эпоху Просвещения, но и для борьбы с медлительностью и своеволием чиновников и чрезмерной загруженностью прежних местных органов управления. Вводился сословный принцип судоустройства: дворян судил земский суд (верхний и уездный), горожан — магистрат (городовой и губернский), а крестьян — нижняя и верхняя расправа. Председателей земского суда (верхнего и уездного) выбирал Сенат, глав магистратов и расправ избирали представители города (мещане и купцы) и крестьянства, а затем кандидатуры утверждал губернатор.",,,
"Уездный судья
","Председатель уездного суда (должность, появившаяся в результате губернской реформы). Отправлял в уезде правосудие по уголовным и гражданским делам, касавшимся дворян.
Уездный судья и два его помощника — заседатели — выбирались Сенатом на трехлетний срок. Каждый год уездный суд собирался трижды: с 1 января до Страстной недели, с Троицына дня (начало июня) до 27 июня и с 2 октября по 18 декабря. За излишнюю волокиту для членов уездного суда было предусмотрено наказание: дела нужно было рассматривать в течение одного срока, если подсудимый содержался под стражей; все остальные дела — в течение трех сроков. Если сроки не соблюдались, уездный судья лишался жалования.",,,
Уездный предводитель дворянства,"Выбирался уездным дворянством на трехлетний срок. Жалованья не получал, но должность предводителя считалась почетной — уездный предводитель временно получал гражданский чин V класса (статский советник), вне зависимости от выслуги и предыдущего чина. Если предводителя выбирали два срока подряд, после второго он удостаивался постоянного чина VI класса (коллежский советник), а после трех трехлетних сроков — V класса.
В обязанности уездного предводителя входили как сословные функции (например, учет всех дворян уезда), так и административные.",,,
Статский советник,Гражданский чин V класса — то есть соответствовал армейскому бригадиру. Переход в V класс из VI приносил удвоенное жалованье и двойной пенсион.,,,
"Бригадир
","Армейский чин V класса. Во время военных действий командовал бригадой из двух или трех полков. Соответствовал статскому советнику и гвардейскому премьер-майору — к бригадиру, как и к статскому советнику, полагалось обращаться «Ваше высокородие». В начале 1770-х годов, после выхода пьесы Фонвизина «Бригадир», чин стал восприниматься как признак комического персонажа. В 1798 году был упразднен.",brigadir,Бригадир с 1764 по 1786 год,Из книги Александра Висковатова «Историческое описание одежды и вооружения российских войск»
"Надворный советник
","Гражданский чин VII класса. До 1745 года относился, как и чин коллежского асессора, к VIII классу — то есть первой ступени Табели о рангах, дававшей право на потомственное дворянство.",,,
"Воевода
","До Петра воеводами назывались военачальники, отправленные центральной властью для управления уездами (округами, на которые делилась вся территория Московского государства). Воеводы не получали жалованья и жили на «кормление», то есть за счет местного населения, — поэтому в допетровской России должность воеводы была символом коррупции. Петр I реформировал местное управление, поставив над уездами провинции, а над провинциями — губернии во главе с губернаторами, в руках которых сосредоточилась огромная власть; во главе уездов вместо воевод оказались коменданты. Тем не менее в некоторых губерниях должность воеводы сохранялась — где-то с полицейскими функциями, где-то с административными. В 1727 году во все провинциальные и уездные города были назначены городские воеводы, которые ведали судами и подчинялись напрямую губернаторам. Окончательно воеводы исчезли только в 1775 году, после губернской реформы.",,,
Сенатская комиссия,"Надзором за законностью управления занимался Сенат. В частности, Сенат принимал жалобы частных лиц и чиновников на распоряжения государственных лиц. Для расследования на места высылалась специальная комиссия, которая должна была разобраться — и обеспечить законность.",senat,Дмитрий Кардовский. Заседание Сената при Петре I. Репродукция на открытке. 1911 год,Wikimedia Commons
"Русско-турецкая война (1768-1774)
","Поводом для начала войны стал конфликт интересов России и Турции в Речи Посполитой. В 1764 году королем Польши стал российский ставленник Станислав Понятовский. Тогда польские дворяне, недовольные ростом влияния России, призвали на помощь Австрию и Францию, а затем и Османскую империю, пообещав ей территории на юге Речи Посполитой. Осенью 1768 года Оттоманская Порта (то есть турецкое правительство) объявила войну России и начала собирать армию; Екатерина II ответила тем же два месяца спустя — и Россия тоже начала готовиться к войне.
Военные действия начались в январе 1769 года. Война развернулась по всей русско-турецкой границе, на территориях, принадлежавших Турции или зависимых от нее: на севере Балканского полуострова, на Черноморском побережье, на Кавказе и в Средиземном море.
В 1769 году армия князя Голицына взяла крепость Хотин на Днестре. К 1770 году русские войска перешли к активным наступательным действиям. Назначенный главнокомандующим вместо Голицына генерал-аншеф Румянцев нанес турецкой армии сокрушительные поражения на Балканах, у рек Ларга и Кагул, а затем штурмом взял крепость Измаил на берегу Дуная.
В это же время в Средиземном море в результате битвы в Чесменской бухте погиб почти весь турецкий флот.
В 1771 году 2-я армия Долгорукова, не встретив сопротивления, вошла в Крым — на территории которого находилось Крымское ханство, зависимое от Османской империи.
Решающее сражение произошло в июне 1774 года у болгарского города Козлуджи, во время которого армии Суворова и Каменского разбили войска визиря.
Итогом войны стал Кючук-Кайнарджийский мирный договор. Россия получила порты Керчь и Еникале в Крыму, Большую и Малую Кабарду на Кавказе и стратегически важную крепость Азов. Кроме того, Россия добилась свободного вероисповедания для балканских христиан, права русским подданным беспрепятственно посещать святые места в Иерусалиме (который оставался под контролем Османской империи) и вывода турецких войск из Грузии и Мингрелии. Также Турция обязалась выплатить контрибуцию в размере 4,5 миллиона рублей.",1768—1774,Стефано Торелли. Аллегория на победу Екатерины II над турками. Государственная Третьяковская галерея.1772 год,Wikimedia Commons
Секунд-майор,"Офицерский чин VIII класса. В каждом армейском полку было по два майора: премьер-майор командовал первым батальоном, секунд-майор — вторым.",,,
Взятие Крыма,"В разгар русско-турецкой войны, летом 1771 года, армия генерал-аншефа Василия Михайловича Долгорукова повела наступление вглубь Крымского полуострова — где находилось Крымское ханство, зависимое от Османской империи. Крым был главной целью этого этапа кампании. Под стенами турецкой крепости и порта Кафы (современной Феодосии) русские пехота и конница разгромили объединенную армию крымских татар и турок. Без сопротивления русские заняли Судак, Ялту и Балаклаву; в Керчи и на Таманском полуострове взяли под контроль Керченский пролив. После долгих переговоров в 1772 году Россия подписала с ханом мирный договор, провозгласивший Крым независимым от власти турецкого султана — но под защитой «всероссийского престола».
В 1774 году турки снова высадили десант в Крыму, а татары ударили Долгорукову в спину, но в жестоком бою под Алуштой турки были разгромлены (именно там потерял глаз молодой подполковник Михаил Голенищев-Кутузов). Кючук-Кайнарджийский мирный договор 1774 года закрепил отделение Крымского ханства от Турции.",crimea,Перекоп. Немецкая гравюра XVII века,grafika.ru / Fotodom
"Русская кавалерия
","К Семилетней войне основной силой русской конницы были драгунские полки. Также в русской армии была тяжелая кавалерия (кирасиры), легкая кавалерия (гусары) и иррегулярная кавалерия (казаки, которые, в отличие от регулярной кавалерии, не имели единой военной структуры и обеспечивали себе обмундирование сами). Легкая кавалерия и иррегулярная кавалерия вели разведку и наносили удары в тылу противника.",cavalry,Рядовой лейб-драгунского полка с 1756 по 1762 год,Из книги Александра Висковатова «Историческое описание одежды и вооружения российских войск»
Кирасирские полки,"Кирасиры были основной ударной силой кавалерии: им полагались более крупные лошади, а также железные кирасы (то есть доспехи, защищающие грудь) поверх кафтанов и укрепленные железными полосами тульи шляп. В России первые кирасирские полки появились в 1731 году; к 1756 году их число достигло шести. В 1756–1762 годах кирасирские обер-офицеры были вооружены шпагой и парой пистолетов. Рядовым кирасирам полагались широкий палаш (тяжелое колющее и рубящее оружие с прямым и длинным клинком) и короткий карабин (короткое ружье).",kirasir,Корнет кирасирского полка с 1756 по 1762 год,Из книги Александра Висковатова «Историческое описание одежды и вооружения российских войск»
Взятие Кенигсберга,"В январе 1758 года русская армия, возглавляемая генерал-аншефом Виллимом Фермором, практически без боя заняла Кенигсберг, столицу Восточной Пруссии. Ночью передовые отряды русской армии заняли форштадты Кенигсберга, а днем Фермор уже триумфально въехал в город, где получил символические ключи от Кенигсберга. Восточная Пруссия оставалась российской территорией до 1762 года, когда Петр III по условиям мирного договора вернул область Фридриху II.",,,
"Ротмистр
",Обер-офицерский чин в кавалерии. Соответствует капитану в армейской пехоте. Командовал ротой (полуэскадроном).,,,
"Томпак
","Медно-цинковый сплав, популярный в Европе с начала XVIII века. Из него делали недорогие часы и посуду.",tombak,Кувшин и блюдо из томпака,Wikimedia Commons
Измена Тотлебена,"Готтлоб Курт Генрих фон Тотлебен, генерал-майор русской армии, был участником Кунерсдорфского сражения (1759) и взятия Берлина (1760). 19 (30) июня 1761 года в городе Бернштайн был задержан курьер с шифрованным посланием от Тотлебена к прусскому королю Фридриху II. Выяснилось, в том числе и из показаний самого генерала, что он несколько месяцев тайно вел переписку с Фридрихом II и его братом принцем Генрихом Прусским. Тотлебен уверял, что хотел обмануть прусского короля и заманить того в западню, потому и хотел завоевать его доверие. Генерал сообщал о передвижениях русской армии и о планах штаба. Почти два года он провел в тюрьме, ожидая приговора. 11 (22) апреля 1763 года Екатерина II подписала указ «О вывозе за границу с лишением чинов и орденов генерал-майора Тотлебена». После того как генерал был «собственным своим поведением обличен во вредительных намерениях противу Российского государства», его приговорили к смертной казни, но императрица помиловала его и велела «под крепким караулом вывезти на границу» и взять с Тотлебена обязательство больше никогда не въезжать в Россию.",tottleben,Готтлоб Курт Генрих фон Тотлебен. Гравюра Ивана Матюшина. 1889 год,Wikimedia Commons
"Эскадрон
","Подразделение в кавалерии. Во время Семилетней войны кавалерийский полк в русской армии состоял из пяти эскадронов, каждый из которых насчитывал около 120 лошадей. Эскадрон делился на два полуэскадрона (роты).",,,
"Гарнизонный полк
","Гарнизонные войска служили для охраны крепостей и подготовки рекрутов. В них отправляли солдат и офицеров, негодных по состоянию здоровья к полевой службе.",,,
"Прусский устав
","Ко второй половине XVIII века прусская армия считалась образцом дисциплины и выучки. Прусские солдаты безупречно вели себя в бою, быстро маневрировали и молниеносно выполняли приказы. Этому способствовала система подготовки солдат, педантичная и жестокая. Строевая подготовка доводилась до совершенства: каждое движение было строго регламентировано и оттачивалось до автоматизма, от ширины шага до скорости стрельбы. Кроме того, в прусской армии за малейший проступок, ошибку во время строевой подготовки или неопрятность во внешнем виде следовало наказание — палкой или шпицрутенами, то есть специальными прутьями для битья солдат.",prussian,Король Пруссии Фридрих II с гвардейским полком. XVIII век,Museumslandschaft Hessen Kassel / Bridgeman Images / Fotodom
"Кирилл Разумовский (1728-1803)
","Младший брат Алексея Разумовского, фаворита Елизаветы Петровны. При возвышении брата его вызвали в Петербург, а затем отправили учиться в Германию. Вернувшись в Россию, он стал президентом Академии наук, хоть и не слишком интересовался науками. В 1750 году Елизавета восстановила ради Кирилла Разумовского должность гетмана войска Запорожского, упраздненную в 1734 году. Кирилл Разумовский отправился в Малороссию и там — в своих резиденциях Глухове и Батурине — создал настоящий двор, с оперой и театром. В 1754-м его вернули в Петербург, отобрав часть полномочий из-за растрат и других злоупотреблений.
В 1757 году гетман Разумовский окончательно переехал в столицу. Он командовал лейб-гвардии Измайловским полком и заседал в Сенате. В 1762 году он со своими гвардейцами поддержал переворот и возвел на престол Екатерину II. Вскоре он вызвал недовольство императрицы, попытавшись добиться восстановления наследственного гетманства. Екатерина II в 1764 году выпустила указ об упразднении гетманского достоинства, даровав при этом Разумовскому чин генерал-фельдмаршала. Разумовский почти до конца своих дней оставался президентом Академии наук и заседал в Сенате.",razumovskiy,Луи Токе. Портрет графа Кирилла Разумовского. Государственная Третьяковская галерея. 1758 год,Wikimedia Commons
"Никита Панин (1718-1783)
","Карьеру начал в конной гвардии, затем стал русским посланником в Дании и Швеции. В 1760 году был назначен воспитателем наследника престола Павла Петровича. Панин стал одним из организаторов переворота против Петра III, посчитав, что это принесет пользу его воспитаннику, и после того, как Екатерина II пришла к власти, стал ее ближайшим советником по иностранным делам. Но при дворе Панин встретил противодействие семьи Григория Орлова, фаворита императрицы. Первое время Екатерина II не скрывала своего недовольства Паниным, но и не избавлялась от него. В опалу Панин попал в 1781 году, был удален от двора и через два года скончался.",panin,Александр Рослин. Портрет графа Н.И. Панина. 1777 год,Wikimedia Commons
"Переворот 1762 года
","Петр III правил всего 186 дней. Значительная часть двора (и прежде всего его жена, императрица Екатерина Алексеевна) осталась недовольна воцарением Петра и заключенным миром с Пруссией. Во главе заговора встали братья Григорий, Алексей и Федор Орловы, обещавшие Екатерине поднять гвардейские полки, воспитатель наследника Никита Панин и гетман Украины, генерал-фельдмаршал Кирилл Разумовский.
28 июня (9 июля) 1762 года Петр III выехал из своей летней резиденции в Ораниенбауме в Петергоф. Там его должна была встретить Екатерина, но утром вместе с Алексеем Орловым она бежала в Петербург. В столице в поддержку Екатерины выступили гвардейские полки, затем ей присягнули на верность Сенат и Синод. Гвардия направилась в Петергоф. Петр III сначала собирался защищаться от заговорщиков в Петергофе; затем отплыл в Кронштадтскую крепость, расположенную недалеко от столицы, рассчитывая, что сможет там держать оборону. В конце концов император вернулся в Ораниенбаум и подписал отречение. Его отвезли в другую резиденцию, Ропшинский дворец, где он и скончался при загадочных обстоятельствах. По официальной версии, причиной смерти стала геморроидальная колика. «Урод наш очень занемог и охватила его нечаенная колика, и я опасен, штоб он сегоднишную ночь не умер, а больше опасаюсь, штоб не ожил», — писал Алексей Орлов Екатерине. По другой версии, которой придерживался и сын Петра III, будущий император Павел I, отрекшегося монарха убили — то ли сам Алексей Орлов, то ли князь Барятинский.",catherine-1762,Присяга лейб-гвардии Измайловского полка 28 июня 1762 года. Неизвестный художник. Первая четверть XIX века,Государственный Эрмитаж
Братья Орловы,"После того как Екатерина II взошла на престол, Орловы на долгое время стали самой влиятельной семьей в Российской империи.
Старший брат, Иван Григорьевич (1733–1791), управлял имением и всеми делами семьи; остальные его беспрекословно слушались. После переворота он был произведен в капитаны гвардии, но от прочих привилегий отказался и вскоре вышел в отставку.
Второй брат Григорий Орлов (1734–1783) в 1762 году был артиллерийским капитаном, а также фаворитом Екатерины и отцом ее ребенка. В 1762 году именно он возглавил заговорщиков. После переворота Григорий Орлов получил чин генерал-адъютанта и графский титул, а в 1772 году — титул светлейшего князя Священной Римской империи. Советником Екатерины II он оставался до возвышения следующего фаворита — князя Григория Потемкина. Затем Григорий Орлов впал в немилость и был отправлен в отставку, так же как и его братья.
Алексей Орлов (1737–1808) был сержантом лейб-гвардии Преображенского полка, а после переворота 1762 года стал генерал-майором и графом. Во время русско-турецкой войны командовал эскадрой русского флота и добился выдающейся победы в Чесменском сражении, после которой получил право именоваться графом Орловым-Чесменским. Но в 1774 году вместе со своим братом Григорием впал в немилость. Алексей Орлов также прославился пристрастием к цыганскому пению и лошадям (именно он вывел породу орловских рысаков).
Федор Орлов (1741–1796) служил в лейб-гвардии Семеновского полка. Переворот сделал его графом и камергером. Уже через год 23-летний Федор Орлов стал обер-прокурором Сената. С началом русско-турецкой войны перешел на военную службу, где отличался выдающейся храбростью.
Младшему брату Владимиру Орлову (1743–1831) к моменту переворота не было и двадцати лет. Как и остальные братья, он получил графский титул, а затем отправился учиться в Германию. В 1766 году Владимир Орлов был произведен в камер-юнкеры и назначен директором Академии наук. В 1774 году подал в отставку с гражданской службы и уехал в свое имение.",orlov,Григорий Орлов. Неизвестный художник. Вторая половина XVIII века,Wikimedia Commons
Права Екатерины на трон,"Формальных прав на престол у Екатерины II не было. Жена императора Петра III, урожденная София Августа Фредерика Ангальт-Цербстская, могла стать регентом при малолетнем наследнике Павле Петровиче — но заняла трон сама. В манифесте о вступлении на престол Екатерина II свое решение объяснила опасностью перемены «древнего в России Православия и принятием иноверного закона», якобы шедшей от Петра III. Вторая формальная причина — заключенный мир с Пруссией, по которому Россия потеряла все свои завоевания в Семилетней войне: «слава Российская, возведенная на высокую степень своим победоносным орудием, чрез многое свое кровопролитие, заключением нового мира самим ее злодеям отдана уже действительно в совершенное порабощение». Вступить же на престол Екатерине, как указано в манифесте, позволило «желание всех Наших верноподданных явное и нелицемерное».",,,
Генерал-майор,"Чин IV класса, первый из генеральских. К генерал-майору полагалось обращаться «Ваше превосходительство». В армии он мог командовать бригадой или дивизией.",general mayor,Генерал-майор и генеральский адъютант полевой кавалерии с 1764 по 1780 год ,Из книги Александра Висковатова «Историческое описание одежды и вооружения российских войск»
Григорий Потемкин (1739-1791),"Во время переворота 1762 года Потемкин служил вахмистром в Конной гвардии, и его полк принял участие в свержении Петра III и возведении на трон Екатерины. После этого карьера Потемкина пошла в гору: в 1765 году он уже гвардейский поручик, в 1768-м — генерал-майор армии. В 1769 году Потемкин отправился на русско-турецкую войну, где отличился в нескольких важных сражениях и был награжден орденом Святого Георгия III степени. К 1774 году он уже был генерал-поручиком. Во время войны Потемкин вел оживленную переписку с императрицей: Екатерина II в письмах просила генерала не рисковать жизнью напрасно и беречь себя. В 1774 году он стал фаворитом императрицы и фактически вторым лицом в государстве.
В 1775 году Потемкин стал генерал-губернатором Новороссийского края, графом и генерал-аншефом. Именно Потемкин стал создателем Черноморского флота, ему в заслугу вменяется и присоединение Крыма. За это в 1784 году он был произведен в генерал-фельдмаршалы и получил право именоваться Потемкин-Таврический.
В 1787 году началась новая русско-турецкая война. Потемкин руководил осадой и штурмом неприступной крепости Очаков, затем взял город Бендеры и стал фактическим правителем Молдавии. В 1791 году он в городе Яссы вел переговоры с Османской империей об условиях окончания войны. На обратном пути Потемкин скончался.",potemkin,Иоганн Баптист Лампи Старший. Портрет князя Григория Потемкина-Таврического. Около 1790 года,Государственный Эрмтаж
"Генерал-губернатор
","При проведении реформы местного управления 1775 года в России 50 губерний были распределены между 19 генерал-губернаторами («государевыми наместниками»). Генерал-губернаторов назначал сам монарх.
У них были крайне широкие полномочия, точно законом не определенные. Генерал-губернатор был главой местной администрации и полиции, «ходатай за пользу общую и Государеву, заступник утесненных и побудитель безгласных дел». В его компетенции находился сбор налогов и новобранцев-рекрутов, борьба с эпидемиями и голодом, контроль за «всеми действиями мест и лиц» в системе управления, покровительство развитию промышленности и сельского хозяйства. Генерал-губернатор не был судьей, но имел право вмешиваться в действия судебных учреждений в случае «медленности, проволочки, беспорядков и нарушения форм в производстве суда»; мог приостановить исполнение приговора, а в особых случаях рассматривать уголовные дела. На окраинах империи генерал-губернаторы командовали войсками и поддерживали дипломатические отношения с соседями.",,,
"Посещение Екатериной российских городов
","После Петра I никто из правителей не уделял такого внимания поездкам по стране, как Екатерина II. Первое путешествие Екатерина совершила в начале своего царствования, остальные — уже в зените славы, в 1780 и 1787 годах. Для всех жителей мест, удостоившихся высочайшего посещения, это становилось главным событием жизни. «Бедные поселяне, с заиндевевшими бородами, не смотря на холод, толпами собирались и окружали маленькие дворцы… в которых веселая свита императрицы, сидя за роскошным столом и на покойных широких диванах, не замечала ни жестокости стужи, ни бедности окрестных мест; везде находили мы теплые покои, отличные вина, редкие плоды и изысканные кушанья», — описывал путешествие французский посланник граф де Сегюр.",catherine-travel,Жан-Жак Авриль Старший. Екатерина II путешествующая в своем государстве в 1787 году. 1790 год,Государственный Эрмтаж
"Орден святого Владимира
","В честь двадцатилетней годовщины своего царствования Екатерина II учредила орден Святого равноапостольного князя Владимира для награждения как военных, так и гражданских чинов за ревностную и усердную службу. Орден полагалось носить постоянно, не снимая, «ибо трудами оный приобретается». Владимирские кавалеры получали по 100 рублей ежегодно за четвертую степень, по 200 за третью степень, по 300 рублей за орден второй степени и по 600 рублей за первую степень.",,,
Путешествие Екатерины II в Крым,"2 января 1787 года Екатерина II отправилась в путешествие по России. Главной целью императрицы была инспекция новых земель — Новороссии и Крыма. Екатерину II сопровождали около трех тысяч человек, занимавших 14 карет и 124 санных экипажа с кибитками. Часть путешествия была проделана на галерах по Днепру. Императрица проехала через Смоленск, Чернигов, Киев, Екатеринослав и Херсон.
Именно после этого путешествия появился миф о «потемкинских деревнях» — то есть о том, что по приказу Потемкина на пути императрицы возводились бутафорские деревни, чтобы создать у нее ложное впечатление о благополучии местных жителей. Этот миф начал циркулировать еще до начала путешествия и затем был зафиксирован в записках иностранцев, прежде всего шведского дипломата Иоанна-Альберта Эренстрема: «От природы пустые степи <...> были распоряжениями Потемкина населены людьми, на большом расстоянии видны были деревни, но они были намалеваны на ширмах». Потемкин и правда пышно украшал деревни и города, через которые следовала императрица, но фальшивых населенных пунктов не строил: по пути следования Екатерины происходили придворные празднества, которые требовали украшений — и должны были демонстрировать Екатерине, ее придворным и иностранцам идею России как великой империи, историческая миссия которой — восстановить Византию, еще в XV веке уничтоженную Турцией.
По пути, в Кременчуге, к Екатерине II присоединился австрийский император Иосиф II. Он путешествовал инкогнито, под именем графа Фалькенштейна, в сопровождении лишь трех придворных. К середине мая императрица достигла Крыма, где провела 12 дней.",crimea-catherine,Ян Богумил Плерш. Фейерверк в честь Екатерины II в Каневе по дороге в Крым в 1787 году. Около 1787 года,Wikimedia Commons
Русско-турецкая война (1787-1791),"По условиям Кючук-Кайнарджийского мира, заключенного после победы России над Турцией в 1774 году, Османская империя должна была отказаться от Крыма и своих интересов в Грузии, дать российским кораблям право свободного прохода через Босфорский пролив и выплачивать контрибуцию. Все это Турция делать не торопилась. В 1787 году Османская империя (при поддержке Пруссии, Франции и Великобритании) выдвинула России ультиматум с требованием восстановить вассальную зависимость от Турции Крыма и Грузии. Не дожидаясь ответа, турки в тот же день арестовали российского посланника Якова Булгакова и под конвоем препроводили его в Семибашенный замок. Это и стало поводом для войны.
За время войны русская армия под командованием Григория Потемкина одержала ряд блестящих побед: в 1788 году была взята штурмом крепость Очаков, форпост Турции на Черном море; в 1789 году на Балканах объединенные силы русской и австрийской армий под командованием Александра Суворова разгромили турок при Рымнике; важные победы одержал русский флот под командованием адмирала Федора Ушакова; в 1790 году Суворов взял неприступную крепость Измаил на Дунае.
В 1791 году был заключен Ясский мир: Турция окончательно отказалась от Крыма, Кубани и Грузии, а также уступила России территорию между реками Днестр и Южный Буг. Граница России и Турции теперь проходила по Днестру, и города Тирасполь и Одесса были основаны уже на землях, присоединенных к России.",izmail,Франческо Джузеппе Казанова. Взятие Измаила. XVIII век,Государственный Эрмитаж
Штурм Очакова,"В апреле 1788 года, в ходе русско-турецкой войны, русская армия под общим командованием князя Потемкина начала осаду крепости Очаков, расположенной рядом с устьем Днепра на Черном море. Потемкин выступал за формальную осаду, долгую и по всем правилам. Суворов и Румянцев предлагали как можно быстрее переходить к штурму. «Очаков не Троя, чтобы его десять лет осаждать», — говорил Румянцев. Потемкин тем не менее настоял на своем, и осада продолжалась до зимы. Русская артиллерия вела постоянный обстрел города; турецкий гарнизон отвечал вылазками. К декабрю Очаков так и не был взят, и русская армия, чтобы не зимовать под стенами крепости, начала-таки штурм. Утром 6 (17) декабря при 23-градусном морозе войска сначала взяли земляные укрепления, а затем под прикрытием артиллерии гренадеры преодолели и крепостную стену. За покорение Очакова князь Потемкин получил жезл генерал-фельдмаршала и орден Георгия 1-й степени.",ochakov,Штурм Очакова в декабра 1788 года. Неизвестный художник. Около 1790 года,Brown Ubiversity Library
"Генерал-поручик
","Военный чин III класса. Генерал-поручик командовал, как правило, армейским корпусом.",generals,"Генерал-аншеф, генерал-поручик и генерал-майор полевой пехоты, с 1764 по 1786 год",Из книги Александра Висковатова «Историческое описание одежды и вооружения российских войск»
Генерал-аншеф,Военный чин II класса. Высшая ступень армейской карьеры после генерал-фельдмаршала.,generals,"Генерал-аншеф, генерал-поручик и генерал-майор полевой пехоты, с 1764 по 1786 год",Из книги Александра Висковатова «Историческое описание одежды и вооружения российских войск»
"Смерть Потемкина
","Григорий Потемкин умер от лихорадки по пути из Ясс в Николаев. Державин написал об этом в оде «Водопад»:
«Не ты ли, счастья, славы сын,
Великолепный князь Тавриды,
Не ты ли с высоты честей
Внезапно пал среди степей?»
Тело князя отвезли в Яссы, забальзамировали, а затем гроб перевезли в Херсон и поставили в склеп церкви Святой Екатерины. Там гроб, которому ходили поклоняться горожане, стоял до 1798 года, пока император Павел I не распорядился поместить его в землю.",potemkin-death,Михаил Иванов. Смерть светлейшего князя Г.А. Потемкина-Таврического в Бессарабских степях. Фрагмент. 1791 год,Государственный исторический музей
Губернский предводитель дворянства,"Почетная и неоплачиваемая должность главы дворян губернии. Губернский предводитель дворянства составлял родословные, управлял сословной кассой. Кроме того, он принимал участие в заседаниях губернских комиссий и присутствий. Избирался на три года на дворянском собрании. На время службы временно получал чин IV класса, независимо от выслуги. Одновременно с этим находиться на действительной гражданской или военной службе он не мог.
Губернских предводителей дворянства не выбирали в северных и сибирских губерниях, где дворянство было малочисленным, а также в польских губерниях, где предводители дворянства не выбирались, а назначались сверху — чтобы избежать усиления влияния поляков.",,,
Сословный состав гвардии,"Гвардию набирали преимущественно из дворян. Но были и представители других сословий: по указу Петра I в гвардию могли принять «людей всякого звания». В 1724 году, например, дворянских детей в Семеновском полку было 48 %, солдатских детей — 18 %, крестьян — 12 %. Кроме того, в гвардию с понижением на два чина могли перевести из армейских полков.",,,
Дворцовые перевороты,"После смерти Петра I в 1725 году порядок наследования престола определялся только актом о престолонаследии, по которому император сам мог выбрать наследника. В результате (в силу разных обстоятельств) за следующие 76 лет смена власти неоднократно происходила насильственным образом. Ключевой при этом была роль гвардии, от симпатий которой часто зависело, кто станет следующим монархом. В 1725 году гвардейцы Преображенского и Семеновского полков, грозившие применить силу, сделали императрицей Екатерину I, вдову Петра. В 1727 году в результате дворцового переворота был отстранен опекавший Петра II Меншиков, в 1740-м гвардейцы арестовали Бирона, регента при Иоанне Антоновиче. В 1741 году лейб-гвардии Преображенский полк возвел на трон Елизавету Петровну. Гвардейские полки помогли Екатерине II свергнуть Петра III и стать императрицей. Последний дворцовый переворот, в 1801 году, во время которого был убит Павел I, также прошел при участии гвардии: сановники, составлявшие ядро заговора, заручились поддержкой офицеров гвардейских полков. Дворцовые перевороты ушли в прошлое вместе с XVIII веком, после воцарения Александра I.",perevorot,"Екатерина II на балконе Зимнего дворца, приветствуемая гвардией и народом в день переворота 28 июня 1762 года. Неизвестный художник. Конец XVIII века",Государственный Эрмитаж
"Императрица Елизавета Петровна (1709-1762)
","Младшая дочь Петра I и Екатерины I. Системного образования не получила, выучившись в совершенстве только французскому языку, на котором говорила как на родном. Елизавета рассчитывала унаследовать престол после Петра II, своего племянника. Но в 1730 году, когда Петр умер, императрицей стала двоюродная сестра Елизаветы Анна Иоанновна, которая затем передала власть новорожденному внуку своей родной сестры Екатерины Ивану VI — и, соответственно, его регентам. В 1741 году при помощи гвардейцев, боготворивших дочь Петра, Елизавета пришла к власти. Малолетнего Ивана VI заточили в Шлиссельбургскую крепость, а его родителей, Анну Леопольдовну и Антона-Ульриха Брауншвейгского, отправили в Холмогоры Архангельской губернии. Елизавета правила двадцать лет. Своего преемника она выбрала заранее: им стал племянник Елизаветы, сын старшей дочери Петра Анны. Будущий император Петр III был привезен из Голштинии и воспитывался при дворе Елизаветы.",elizaveta,Иван Вешняков. Портрет императрицы Елизаветы Петровны. Государственная Третьяковская галерея.1743 год,Wikimedia Commons
Шувалов Иван Иванович (1727-1797),"Придворный и государственный деятель, фаворит императрицы Елизаветы Петровны. При дворе оказался благодаря покровительству своих двоюродных братьев Петра и Александра Шуваловых, елизаветинских сановников. Обратил на себя внимание императрицы, еще будучи пажом; в 1749 году стал камер-юнкером, в 1751-м — камергером двора, в 1760 году — генерал-адъютантом. В последние годы царствования Елизаветы все важные дела проходили через его руки: Шувалов объявлял Сенату и высшим чиновникам повеления императрицы и передавал ей просьбы и доклады.",shuvalov,Иван Шувалов. Неизвестный художник. 1760 год,Государственный Эрмитаж
"Фавориты
","Любимцы монархов; в России назывались «временщиками» или «случайными людьми». Стали играть большую роль в XVIII веке, когда сосредоточение огромной власти в руках преемников Петра I делало такую фигуру необходимой — особенно если царем становился ребенок или «женская персона».
При Екатерине I эту роль играл Меншиков; при Петре II — обер-камергер юного царя Иван Алексеевич Долгоруков. При Анне Иоанновне Эрнст Иоганн Бирон превратил свою «должность» в настоящий институт власти с неписаными, но четко очерченными границами. Через фаворита шла переписка государыни, решались вопросы назначения на должности; к нему поступала от должностных лиц необходимая информация.
Наиболее известна плеяда фаворитов Екатерины II. Григорий Орлов со своими братьями организовал переворот, возведший Екатерину на престол, и был отцом сына императрицы Алексея Бобринского. Самым знаменитым из фаворитов был Григорий Потемкин — муж императрицы, военный министр и генерал-губернатор юга России. Рядом с ним при дворе появлялись другие «случайные люди»: Петр Завадовский, Иван Римский-Корсаков, Александр Ланской и другие адъютанты Потемкина. Титул последнего из фаворитов Екатерины, Платона Зубова, свидетельствует о широком круге его обязанностей: «Светлейший князь, генерал-фельдмаршал, над фортификациями генерал-директор, главноначальствующий флотом Черноморским и Азовским и Черноморским казачьим войском, генерал-адъютант, шеф кавалергардского корпуса, Екатеринославский, Вознесенский и Таврический генерал-губернатор, член Военной коллегии, почетный благотворитель императорского воспитательного дома и почетный любитель Академии художеств».",biron,Иван Соколов. Портрет Эрнеста Бирона. 1730-1740-е годы,Государственный Эрмитаж
Сражение при Цорндорфе (14 августа 1758 года) ,"В 1758 году русская армия под командой генерала Виллима Фермора направилась вглубь Пруссии, к ее столице Берлину, и осадила крепость Кюстрин на реке Одер в 100 километрах от Берлина. Прусский король Фридрих II повел свои войска навстречу русской армии, чтобы разбить ее и не дать соединиться с союзниками-австрийцами. Сражение произошло у деревни Цорндорф.
Битва складывалась для русской армии неудачно: генералы действовали несогласованно, а Фермор и вовсе на время покинул поле боя.
Выученная прусская кавалерия генерала фон Зейдлица ворвалась в разрыв между двинувшимися в атаку русскими полками и погнала их на собственную их артиллерию. Несколько русских генералов были ранены, другие попали в плен.
Но русская пехота, даже оставшись без офицеров, показала невероятную стойкость. Солдаты сначала пропустили прусскую кавалерию через бреши между полками, а потом сомкнули ряды и нанесли ответный удар. Когда у пехоты кончились патроны, солдаты начали штыковой бой. Сражение прекратилось к вечеру из-за огромных обоюдных потерь.
Обе стороны объявили себя победителями. Прусская армия потеряла убитыми 12 тысяч солдат и офицеров, русские войска — более 10 тысяч.",zorndorf,Александр Коцебу. Сражение при Цорндорфе 14 августа 1758 года. 1852 год,Государственный Эрмитаж
"Дворцовый театр Елизаветы Петровны
","Увлеченная всем французским Елизавета не могла обойти своим вниманием и французский театр. Она не только приглашала в Петербург иностранных актеров, но и заставляла придворных ходить на спектакли, порой против их воли. Императрица лично проверяла, кто из статс-дам пропускает представления, и штрафовала провинившихся. Впрочем, уже к концу 1740-х годов театр стал популярным увлечением всей столицы. Кадеты Сухопутного корпуса ставили у себя пьесы Сумарокова; сама Елизавета устраивала спектакли во дворце с участием придворных. Театры стали появляться и за пределами столицы. В 1756 году императрица своим указом повелела «учредить Русский для представления трагедий и комедий театр», тем самым положив начало отечественному профессиональному театру.",,,
Адъютант,"Офицер, состоящий при вышестоящем военачальнике для выполнения поручений и штабной работы. Адъютант майора, например, должен был выполнять поручения майора и состоять при штабе батальона. У генералов было по несколько адъютантов из числа обер-офицеров, которые неотступно следовали за своим начальником, в том числе и во время боя, и передавали его письменные и устные приказы полковым командирам.",,,
Гвардейский прапорщик,Чин XII класса. Соответствовал армейскому поручику. В его обязанности входило нести и хранить полковое знамя.,,,
Гвардейский подпоручик,"Чин X класса (XI класса в военной табели не было). Соответствовал армейскому
капитан-поручику.",,,
Гвардейский капитан,Чин VII класса. Соответствовал армейскому подполковнику и гражданскому надворному советнику.,,,
Капрал гвардии,"Унтер-офицер, командовал капральством (то есть шестой частью роты).",,,
Борьба партий Орловых и Панина,"Противостояние двух влиятельных партий при дворе началось в первый же год после переворота. Никита Панин, советник императрицы, был обеспокоен растущим влиянием на Екатерину братьев Орловых — и прежде всего ее фаворита Григория. В 1763 году при дворе начали ходить слухи о готовящемся бракосочетании Григория Орлова и Екатерины, но Панин этому помешал — как писала позже княгиня Дашкова, он сказал: «Императрица может сделать все, что захочет, но госпожа Орлова не может быть императрицей».
Орловы противостояли всем идеям Панина, и наоборот. Так, во внешней политике Панин выступал за союз с Пруссией и альянс северных держав — а Орловы убеждали Екатерину, что нужно поддерживать Австрию.
В 1774 году с появлением нового фаворита, Потемкина, Орловы были удалены от двора, но и Панин стал терять свое влияние как на Екатерину, так и на наследника Павла Петровича. В 1781 году он был окончательно отправлен в отставку.",,,
Камер-юнкер,Придворные обязанности камер-юнкера прописаны не были: камер-юнкер должен был просто неотлучно находиться при дворе и выполнять любые поручения императорской семьи. Для этого камер-юнкеры посменно дежурили в специально отведенных для этого комнатах и получали 1000 рублей в год. Павел I после своего воцарения посчитал ненужным содержать придворных с неясными обязанностями и исключил их из штата — но Александр I эту должность вернул.,,,
"Фрейлина 
","Младшее женское придворное звание. Во фрейлины брали девиц из лучших дворянских семей: Нарышкиных, Апраксиных, Голицыных. Фрейлины могли быть только незамужними — после брака они лишались этого звания. Екатерина любила устраивать браки своих придворных и лично подбирать им подарки.",freilina,Дмитрий Левицкий. Фрейлина Прасковья Репнина с фрейлинским шифром Екатерины II. Государственный Русский музей. 1781 год,Wikimedia Commons
Орден Святого Георгия,"В 1769 году Екатерина II учредила новый орден — Святого Георгия. Эта награда быстро стала самой престижной: георгиевский крест давался только за выдающиеся военные заслуги. «Ни высокая порода, ни полученные пред неприятелем раны не дают право быть пожалованным сим орденом: но дается оный тем, кои не только должность свою исправляли во всем по присяге, чести и долгу своему, но сверх того отличили еще себя особливым каким мужественным поступком, или подали мудрые, и для Нашей воинской службы полезные советы».
Утверждали кавалеров Военные коллегии, которые подробно разбирали каждый случай представления офицеров к ордену. Коллегия требовала подробного описания подвига и достаточных доказательств его совершения. За проступки, несообразные с офицерской честью, такие как бегство с поля боя, орден впоследствии могли отобрать.
Георгиевский крест полагалось носить постоянно и никогда не снимать. Кавалерам ежегодно начислялась пенсия: 4-го класса — 100 рублей, 3-го класса — 200 рублей, 2-го класса — 400 рублей и кавалерам 1-го класса — 700 рублей.",st-george,Портрет Екатерины II с орденом Святого Георгия 1-й степени. Неизвестный художник. 1780-е годы,Государственный Эрмитаж
"Питейный откуп
","С конца XVI века право торговать «хлебным вином» (так называлась водка) принадлежало только государству — и сборы от питейных домов приносили в государственную казну до 40 % всех доходов. При Екатерине II право собирать доходы с продажи алкоголя передали откупщикам. Откупщик на торгах за определенную плату получал на четыре года право содержать питейный дом, а выручку забирать себе. Вино поступало от государства в казенные магазины, а уже оттуда его выкупали откупщики. Кабаки (которые следовало называть «питейными домами») считались государственными, на них нужно было размещать герб.
Закон 1781 года обязал откупщиков продавать вино по государственной цене. Торговать вином стало невыгодно — ведь откупщики должны были помимо самого вина платить за право торговли, имея законную возможность лишь «улучшать» его. Поэтому вино стали сильно разбавлять или покупать дешевле, но нелегально.",,,
"Жалованная грамота дворянству
","В 1785 году Екатерина II издала документ под названием «Грамота на права, вольности и преимущества благородного российского дворянства», который подтвердил и законодательно оформил все привилегии, которые имели дворяне. В первом положении грамоты говорилось, что «дворянское название есть следствие, истекающее от качества и добродетели начальствовавших в древности мужей, отличивших себя заслугами». Далее сообщалось, что дворянское звание неотъемлемо, наследственно и потомственно; лишить дворянина этого звания можно лишь с одобрения императора — и только если он совершил преступление против государства; судить дворянина могут только другие дворяне; конфисковывать имения, полученные дворянином по наследству, нельзя даже за самые страшные его преступления — их надо передавать наследникам; наконец, жалованная грамота освобождала дворян от телесных наказаний и всех податей.
В вводной части грамоты Екатерина также поясняла, что высших степеней славы и успеха достигают те, «кои отличаются или службою, или храбростию, или верностию, или искусством» — а значит, на государственную службу дворяне должны идти не по принуждению, а из желания доказать верность государю и принести пользу стране.",,,
"Петр Румянцев (1725-1796)
","Петр Александрович Румянцев начал государственную службу со скандалов. В юности его определили на дипломатическую службу в Берлин, но быстро отозвали «за леность, мотовство и забиячество». Карьера Румянцева пошла в гору только после того, как его отправили на действительную службу в армию. Он отличился в русско-шведской войне 1741–1743 года, после этого стал полковником, а к началу Семилетней войны был уже генерал-майором. В 1757 году смелая атака корпуса Румянцева принесла русской армии победу при Гросс-Егерсдорфе. Годом позднее он образцово действовал в Восточной Пруссии, в 1759 году героически повел войска в контратаку при Кунерсдорфе.
Во время переворота 1762 года Румянцев не стал поддерживать Екатерину, сохранив верность Петру III. Тем не менее воинские заслуги позволили ему остаться на службе и стать позже генерал-губернатором Малороссии.
В 1768 году, с началом русско-турецкой войны, Румянцев вернулся в армию. За победу при Ларге он получил жезл генерал-фельдмаршала, а после этого занял еще ряд стратегически важных турецких укреплений. После войны он получил право именоваться Румянцевым-Задунайским.
В войне с Турцией 1787 года Румянцева практически не допускал к командованию Григорий Потемкин. Некоторое время Румянцев номинально командовал армией из своего имения, а затем наконец попросился в отставку.",rumyantsev,Джеймс Уокер. Портрет фельдмаршала графа П.А. Румянцева-Задунайского. 1798 год,Государственный Эрмитаж
"Капитан-поручик
","Военный чин X класса. Помощник капитана, командовал ротой в его отсутствие.",,,
Орден Святого апостола Андрея Первозванного,Орден был учрежден Петром I в 1698 году (по другим данным — в 1699-м) как высшая награда Российской империи. Выдавался лично императором за военные или выдающиеся гражданские заслуги. Первым кавалером ордена стал дипломат Федор Головин; сам Петр I был шестым по счету кавалером.,st-andrew,Жан-Марк Натье. Петр I со знаком ордена Святого Андрея Первозванного на голубой андреевской ленте и звездой на груди. После 1717 года,Wikimedia Commons
Орден Святой Анны,"Орден появился в Голштинии: его учредил герцог Карл Фридрих в память о своей скончавшейся жене Анне, старшей дочери Петра I. Сын герцога, будущий император Петр III, привез орден в Россию. Наследник престола еще до своего воцарения успел наградил Святой Анной более 90 человек. Официально в российскую систему наград орден Святой Анны включил сын Петра III Павел I.",st-anne,Федор Рокотов. Портрет Павла I в детстве с орденом Святой Анны. 1761 год,Wikimedia Commons
"Взятие Журжи
","18 февраля (1 марта) 1771 года корпус генерал-аншефа Петра Олица начал штурм крепости Журжа в Валахии (современный Джурджу в Румынии). В крепости расположился 10-тысячный турецкий гарнизон. Корпус Олица атаковал Журжу и занял ее после трехчасового боя. Затем русская артиллерия начала обстрел центральной части крепости, где укрылись остатки турецкого гарнизона. После взрыва порохового склада защитники Журжи капитулировали. Русская армия, захватив 82 орудия, оставила в Журже гарнизон.",,,
"Камергер
","Придворный чин IV класса. Камергерам полагалось дежурить при императорской особе «по сколько указано будет» и «во время дежурства никуда не отлучаться». Во время церемоний они несли шлейф императорской мантии, а во время трапезы стояли у трона и подавали напитки монарху. Камергеру было положено жалованье 1500 рублей в год.",,,
Гофмаршал,"Занимался довольствием двора, то есть столом императорской семьи и всех придворных, от высокопоставленных гостей до караульных офицеров, адъютантов и пажей. В отсутствие обер-гофмаршала должен был выполнять его функции (то есть следить за экстерьерами и интерьерами дворцов, садами, а также императорскими приемами и путешествиями).",,,
Крепостной театр,"Мода на крепостные театры появилась в России во второй половине XVIII века. Богатые помещики привлекали профессиональных актеров и режиссеров, которые потом ставили пьесы с участием крепостных крестьян. Один из первых таких театров был у графов Шереметевых. Актеров из крестьян тщательно отбирали и учили, и спектакли театра Шереметевых с успехом шли в Москве, на Никольской улице, и в усадьбе Шереметевых в Останкине. Лучшие актеры у Шереметева получали жалованье, а одна из актрис, Прасковья Жемчугова, впоследствии стала женой графа Николая Шереметева. В других театрах условия были, как правило, гораздо хуже. Актеров-крестьян могли продать, разучивать роли их заставляли с голоса (из-за неграмотности), за малейшую провинность или недостаточно хорошо сыгранную роль жестоко наказывали.",theatre,Театр в усадьбе Шереметьевых Останкино. Конец XVIII века,РИА «Новости»
"Загородные резиденции
","Загородные дворцы у русских царей были еще до Петра I, но именно при нем была заложена традиция строить пышные дворцы с парками в окрестностях только что построенного Петербурга. При Елизавете Петровне обер-архитектор Франческо Бартоломео Растрелли превратил Петергоф (резиденцию, построенную еще Петром) в русский Версаль — с барочным дворцом, парками, садами и фонтанами — и перестроил Екатерининский дворец в Царском Селе. Эти роскошные резиденции стали важной частью образа жизни двора — с праздниками, представлениями, маскарадами и приемами. При Екатерине II вкусы изменились: пышное барокко стало казаться слишком напыщенным и старомодным. Тем не менее каждый летний сезон (примерно с апреля по август-сентябрь) двор по несколько раз выезжал в Царское Село и надолго там оставался. Дачная жизнь при Екатерине стала более размеренной и тихой, но и там случались празднования, театральные представления, концерты, прогулки и приемы.",peterhof,Петергоф на берегу Финляндского залива. Гравюра. 1761 год,Государственный Эрмитаж
Маскарад,"Маскарады приобрели небывалый размах еще при Елизавете Петровне. Екатерина II продолжила эту традицию. Свое воцарение она отметила костюмированным шествием по улицам столицы, где сама императрица предстала в образе Минервы, богини войны и мудрости. В год в Зимнем дворце давалось до восьми масштабных костюмированных балов — четыре осенью, четыре — зимой, между Рождеством и Великим постом.
Для лиц простого происхождения устраивались «вольные маскарады» — при Екатерине их стали впервые пускать за плату и во дворцы. Дворцовые маскарады проходили по четвергам, каждая военная победа или семейный праздник сопровождались представлениями, фейерверками и костюмированными балами.",party,Изображение фейерверка и иллюминации которые в новый 1749 год пред летним ее императорского величества домом в Москве представлены были. Гравюра. 1749 год,Российская государственная библиотека
"Зверинец
","Первый зверинец в окрестностях Петербурга организовал Петр I. В парк Петергофа привозили самых разнообразных животных: в основном оленей, лосей, кабанов и диких птиц, но были и экзотические виды, например дикобраз. При Екатерине II самым крупным местом для таких дворцовых увеселений стал парк «Зверинец» в Гатчине. В поместье, отданное фавориту императрицы Григорию Орлову, специально привозили для охоты пойманных в лесах диких животных. После того как Гатчину отдали наследнику престола Павлу Петровичу (будущему Павлу I), тот продолжил благоустройство «Зверинца» и велел доставить туда несколько верблюдов и множество птиц.",,,
Обер-гофмаршал,Придворный чин II класса. Заведовал внешним видом дворцов и садов (Гоф-Интендантская контора) и внутренним убранством дворцов (Камер-Цалмейстерская контора). В его обязанности также входили приемы и путешествия августейших особ.,,,
"Разделы Польши
","К середине XVIII века Речь Посполитая (федерация Королевства Польского и Великого княжества Литовского) была слабым, бедным, истощенным постоянными войнами государством, полностью зависимым от своих соседей — в первую очередь России и Пруссии. В 1764 году королем Польши стал российский ставленник Станислав Август Понятовский, и возникла реальная опасность уничтожения Речи Посполитой как независимого государства. Этому воспротивились польские дворяне, попросив помощи у Турции. Так началась русско-турецкая война 1768–1774 годов. В 1772 году, когда победа России уже была практически очевидна, Австрия и Пруссия стали беспокоиться о чрезмерном усилении России; Россия, в свою очередь, была вымотана войной и тоже стремилась к договору с европейскими державами. В результате Россия, Пруссия и Австрия пришли к взаимовыгодному (секретному) соглашению о разделе Речи Посполитой, войска трех государств одновременно вошли на ее территорию — и Польша лишилась почти трети своих земель. В 1791 году Польский сейм принял конституцию, заручившись поддержкой Пруссии. В ответ на это Екатерина снова ввела в Польшу войска. В 1793 году Пруссия и Россия подписали соглашение о втором разделе страны. В 1795 году на оставшихся польских территориях вспыхнуло восстание, которое потерпело неудачу, — и страну окончательно разделили между собой Россия, Австрия и Пруссия. Россия захваченные земли поделила на три губернии: Курляндскую, Виленскую и Гродненскую.",,,
Приход к власти Павла I,"6 (17 ноября) 1796 года, после смерти Екатерины II, императором был провозглашен ее сын Павел I. Новый монарх начал свое правление с перемен. Больше тридцати лет он видел, как одни фавориты сменяли других, причем первые из них был причастны к свержению и смерти его отца, Петра III. К концу первого года царствования Павел начал отстранять от власти екатерининских сановников. Последний фаворит императрицы, Платон Зубов, был отправлен в отставку, так же как его братья Николай и Валериан. Лишились своих постов вице-канцлер Иван Остерман и генерал-прокурор Александр Самойлов (племянник Потемкина). Многие другие придворные и генералы покинули службу сами и отправились в свои имения.",paul,Андрей Митрохин. Портрет Павла I. 1797 год,Государственный Эрмитаж
Слово и дело,"Термин «слово и дело государево» получил широкое распространение при Петре I, хотя появился уже в XVII веке. Подданным вменялось в обязанность под страхом смертной казни «сказывать слово и дело государево» — то есть доносить о любом важном политическом преступлении, в том числе оскорблении величества или о готовящемся бунте или заговоре. Человек, произносивший словосочетание «слово и дело», таким образом заявлял, что готов предстать лично перед императором и рассказать ему о государственном преступлении; после этого человека либо самого везли в Тайную канцелярию, либо отправляли туда его письменные показания. Верный донос мог принести премию, повышение или даже собственность преступника.
23 сентября 1713 года Петр I выпустил указ, ограничивающий действие «слова и дела»: доносов стало слишком много. С этого времени люди могли докладывать только о «таких делах, которые касаются о Их Государском здоровье и Высокомонаршей чести, или уведают какой бунт и измену». Тех же, кто осмелится сказать «слово и дело», не имея достаточно оснований, указ предписывал наказывать, лишать имущества и отправлять на каторгу.
Петр III своим указом упразднил Тайную канцелярию, ведавшую политическими делами, и запретил говорить «слово и дело». Но при Екатерине II политический сыск был восстановлен, уже как Тайная экспедиция.",,,
Повышение по службе,"Петр I для борьбы с привилегиями и повышениями по службе «по знакомству» распорядился (еще до введения Табели о рангах) соблюдать четкие правила при назначениях новых офицеров. В указе 1719 года строго говорится: «Чтоб чрез чин никого не жаловать, но порядком чин от чину возводить». Этот порядок сохранялся недолго. При Анне Иоанновне офицеры и чиновники снова получили возможность повышения без достаточной выслуги, а за «достоинства». Елизавета Петровна затем в указе «О повышении чинами по старшинству и заслугам» совместила эти два принципа. Для получения следующего чина нужно было прослужить не менее трех лет в предыдущем чине. Это касалось обер-офицеров, штаб-офицеры могли получить повышение только за заслуги и по представлению начальства. Внеочередное повышение случалось редко, в основном за заслуги во время войны или же по воле императорской особы — такое часто происходило, например, после дворцовых переворотов.",,,
Южные владения Российской империи,"В результате двух успешных войн с Турцией к России оказались присоединены новые обширные и плодородные земли на юге. В 1783 году, в результате губернской реформы, все земли от города Екатеринослава (современный город Днепр) до Херсона вошли в состав Екатеринославского наместничества. Генерал-губернатором был назначен Григорий Потемкин, герой войны с Турцией и фаворит Екатерины. После его смерти в 1791 году генерал-губернатором стал новый фаворит, Платон Зубов. Южные владения приносили значительный доход государственной казне и тем дворянам, которые получали там земли.",,,
"Пистоль
","Французская золотая монета, она же — луидор. Первоначально пистолем называли испанскую золотую монету, а затем и все остальные европейские монеты, соответствующие ей по стоимости.",,,